trial_id,session,configuration,script_id,mover_id,timestamp,simulated,speech_start_ts,entry_detected_ts,entry_via,modality_switch_ts,takeover_ts,exit_detected_ts,reversion_ts,threshold_crossing_ts,exit_crossing_ts,ground_truth_should_switch,switched,classification,switch_latency_s,switch_latency_source,audible_latency_s,switch_latency_est_s,entry_to_switch_ms,switch_to_takeover_ms,reverted,reversion_latency_s,reversion_latency_source,exit_detection_lag_s,output_latency_ms,detect_depth_mm,mover_speed_mms,max_in_zone,min_outside_dist_mm,n_radar_frames,zone_valid,zone_mode,door_zone,door_detected_ts,duck_ts,unduck_ts,door_to_duck_ms,duck_hold_s,should_duck,ducked,duck_correct,door_outcome,notes
1,study2,door,B,M1,2026-09-11T13:53:14.556,0,2026-09-11T13:52:53.166,,,,,,,,,N,N,TN,,,,,,,,,,,,,,1,870.6,153,1,0,Y,2026-09-11T13:52:58.046,2026-09-11T13:52:58.046,2026-09-11T13:53:05.947,0.5,7.9,N,Y,N,gone,
2,study2,door,D,M1,2026-09-11T14:06:11.290,0,2026-09-11T14:05:40.622,,,,,,,,,N,N,TN,,,,,,,,,,,,,,0,,154,1,0,Y,2026-09-11T14:05:45.945,2026-09-11T14:05:45.946,2026-09-11T14:05:52.746,0.5,6.801,Y,Y,Y,gone,
3,study2,door,F,M1,2026-09-11T14:06:46.720,0,2026-09-11T14:06:18.466,2026-09-11T14:06:23.745,door,2026-09-11T14:06:23.746,2026-09-11T14:06:23.746,2026-09-11T14:06:43.845,2026-09-11T14:06:43.846,,,Y,Y,TP,,,,,0.6,0.4,Y,,,,,,,1,,257,1,0,Y,2026-09-11T14:06:22.545,2026-09-11T14:06:22.545,2026-09-11T14:06:25.247,0.5,2.702,,Y,,entered,
4,study2,door,D,M1,2026-09-11T14:07:19.566,0,2026-09-11T14:06:57.486,,,,,,,,,N,N,TN,,,,,,,,,,,,,,0,,154,1,0,Y,2026-09-11T14:07:02.244,2026-09-11T14:07:02.245,2026-09-11T14:07:09.445,0.5,7.2,Y,Y,Y,gone,
5,study2,door,A,M1,2026-09-11T14:08:07.235,0,2026-09-11T14:07:27.509,2026-09-11T14:07:33.844,door,2026-09-11T14:07:33.845,2026-09-11T14:07:33.845,2026-09-11T14:07:53.944,2026-09-11T14:07:53.945,,,Y,Y,TP,,,,,0.6,0.4,Y,,,,,,,1,,267,1,0,Y,2026-09-11T14:07:32.346,2026-09-11T14:07:32.346,2026-09-11T14:07:35.346,0.6,3.0,,Y,,entered,
6,study2,door,B,M1,2026-09-11T14:08:31.258,0,2026-09-11T14:08:09.544,,,,,,,,,N,N,TN,,,,,,,,,,,,,,0,1374.0,153,1,0,Y,,,,,,N,N,Y,,
7,study2,door,A,M1,2026-09-11T14:09:08.984,0,2026-09-11T14:08:37.725,2026-09-11T14:08:44.244,door,2026-09-11T14:08:44.245,2026-09-11T14:08:44.245,2026-09-11T14:09:05.443,2026-09-11T14:09:05.444,,,Y,Y,TP,,,,,0.5,0.4,Y,,,,,,,1,,280,1,0,Y,2026-09-11T14:08:42.744,2026-09-11T14:08:42.744,2026-09-11T14:08:45.746,0.5,3.002,,Y,,entered,
8,study2,door,F,M1,2026-09-11T14:09:41.430,0,2026-09-11T14:09:14.896,2026-09-11T14:09:19.144,door,2026-09-11T14:09:19.144,2026-09-11T14:09:19.144,2026-09-11T14:09:38.443,2026-09-11T14:09:38.444,,,Y,Y,TP,,,,,0.6,0.4,Y,,,,,,,1,,239,1,0,Y,2026-09-11T14:09:18.143,2026-09-11T14:09:18.144,2026-09-11T14:09:20.645,0.5,2.501,,Y,,entered,
9,study2,door,B,M1,2026-09-11T14:10:07.689,0,2026-09-11T14:09:49.208,,,,,,,,,N,N,TN,,,,,,,,,,,,,,0,1317.0,154,1,0,Y,,,,,,N,N,Y,,
10,study2,door,F,M1,2026-09-11T14:10:42.566,0,2026-09-11T14:10:15.099,2026-09-11T14:10:19.845,door,2026-09-11T14:10:19.846,2026-09-11T14:10:19.847,2026-09-11T14:10:39.943,2026-09-11T14:10:39.944,,,Y,Y,TP,,,,,0.4,1.8,Y,,,,,,,1,,252,1,0,Y,2026-09-11T14:10:18.944,2026-09-11T14:10:18.945,2026-09-11T14:10:21.348,0.5,2.404,,Y,,entered,
11,study2,door,D,M1,2026-09-11T14:11:11.460,0,2026-09-11T14:10:50.696,,,,,,,,,N,N,TN,,,,,,,,,,,,,,0,,154,1,0,Y,2026-09-11T14:10:55.243,2026-09-11T14:10:55.244,2026-09-11T14:11:03.844,0.6,8.6,Y,Y,Y,gone,
12,study2,door,A,M1,2026-09-11T14:11:46.187,0,2026-09-11T14:11:17.137,2026-09-11T14:11:23.843,door,2026-09-11T14:11:23.844,2026-09-11T14:11:23.844,2026-09-11T14:11:42.843,2026-09-11T14:11:42.843,,,Y,Y,TP,,,,,0.6,0.3,Y,,,,,,,1,,261,1,0,Y,2026-09-11T14:11:22.343,2026-09-11T14:11:22.343,2026-09-11T14:11:25.345,0.6,3.002,,Y,,entered,
13,study2,door,F,M1,2026-09-11T14:12:18.275,0,2026-09-11T14:11:51.257,2026-09-11T14:11:55.445,door,2026-09-11T14:11:55.446,2026-09-11T14:11:55.446,2026-09-11T14:12:15.343,2026-09-11T14:12:15.343,,,Y,Y,TP,,,,,0.6,0.4,Y,,,,,,,1,,244,1,0,Y,2026-09-11T14:11:54.443,2026-09-11T14:11:54.443,2026-09-11T14:11:56.947,0.6,2.504,,Y,,entered,
14,study2,door,A,M1,2026-09-11T14:12:55.587,0,2026-09-11T14:12:22.883,2026-09-11T14:12:28.643,door,2026-09-11T14:12:28.643,2026-09-11T14:12:28.644,2026-09-11T14:12:49.543,2026-09-11T14:12:49.544,,,Y,Y,TP,,,,,0.6,0.4,Y,,,,,,,1,,269,1,0,Y,2026-09-11T14:12:27.144,2026-09-11T14:12:27.144,2026-09-11T14:12:30.145,0.5,3.0,,Y,,entered,
15,study2,door,A,M1,2026-09-11T14:14:36.365,0,2026-09-11T14:12:59.703,2026-09-11T14:13:05.443,door,2026-09-11T14:13:05.444,2026-09-11T14:13:05.444,,,,,Y,Y,TP,,,,,0.6,0.3,N,,,,,,,2,,809,1,0,Y,2026-09-11T14:13:03.942,2026-09-11T14:13:03.943,2026-09-11T14:13:06.945,0.5,3.002,,Y,,entered,
16,study2,door,F,M1,2026-09-11T14:16:27.869,0,2026-09-11T14:14:42.680,2026-09-11T14:14:46.942,door,2026-09-11T14:14:46.943,2026-09-11T14:14:46.943,,,,,Y,Y,TP,,,,,0.6,0.3,N,,,,,,,1,,795,1,0,Y,2026-09-11T14:14:45.942,2026-09-11T14:14:45.942,2026-09-11T14:14:48.444,0.5,2.501,,Y,,entered,
17,study2,door,A,M1,2026-09-11T14:17:20.528,0,2026-09-11T14:16:48.904,2026-09-11T14:16:54.643,door,2026-09-11T14:16:54.643,2026-09-11T14:16:54.643,2026-09-11T14:17:14.845,2026-09-11T14:17:14.846,,,Y,Y,TP,,,,,0.4,0.3,Y,,,,,,,1,,263,1,0,Y,2026-09-11T14:16:53.342,2026-09-11T14:16:53.343,2026-09-11T14:16:56.144,0.5,2.801,,Y,,entered,
18,study2,door,A,M1,2026-09-11T14:17:53.791,0,2026-09-11T14:17:25.293,2026-09-11T14:17:31.143,door,2026-09-11T14:17:31.143,2026-09-11T14:17:31.144,2026-09-11T14:17:51.842,2026-09-11T14:17:51.842,,,Y,Y,TP,,,,,0.6,0.3,Y,,,,,,,2,,268,1,0,Y,2026-09-11T14:17:29.742,2026-09-11T14:17:29.742,2026-09-11T14:17:32.645,0.5,2.902,,Y,,entered,
19,study2,door,F,M1,2026-09-11T14:18:24.572,0,2026-09-11T14:17:58.897,,,,,,,,,Y,N,FN,,,,,,,,,,,,,,1,,203,1,0,Y,,,,,,,N,,,
20,study2,door,F,M1,2026-09-11T14:19:02.952,0,2026-09-11T14:18:36.734,2026-09-11T14:18:41.142,door,2026-09-11T14:18:41.142,2026-09-11T14:18:41.143,2026-09-11T14:19:00.943,2026-09-11T14:19:00.943,,,Y,Y,TP,,,,,0.6,0.3,Y,,,,,,,1,,248,1,0,Y,2026-09-11T14:18:40.242,2026-09-11T14:18:40.242,2026-09-11T14:18:42.643,0.5,2.401,,Y,,entered,
21,study2,door,B,M1,2026-09-11T14:19:28.109,0,2026-09-11T14:19:09.742,,,,,,,,,N,N,TN,,,,,,,,,,,,,,0,1201.8,153,1,0,Y,,,,,,N,N,Y,,
22,study2,door,D,M1,2026-09-11T14:19:57.479,0,2026-09-11T14:19:35.768,,,,,,,,,N,N,TN,,,,,,,,,,,,,,0,,153,1,0,Y,2026-09-11T14:19:41.142,2026-09-11T14:19:41.143,2026-09-11T14:19:49.743,0.5,8.6,Y,Y,Y,gone,
23,study2,door,A,M1,2026-09-11T14:20:32.309,0,2026-09-11T14:20:03.187,2026-09-11T14:20:09.742,door,2026-09-11T14:20:09.742,2026-09-11T14:20:09.743,2026-09-11T14:20:30.542,2026-09-11T14:20:30.542,,,Y,Y,TP,,,,,0.4,0.3,Y,,,,,,,1,,277,1,0,Y,2026-09-11T14:20:08.441,2026-09-11T14:20:08.442,2026-09-11T14:20:11.244,0.5,2.802,,Y,,entered,
24,study2,door,F,M1,2026-09-11T14:22:02.355,0,2026-09-11T14:20:37.589,2026-09-11T14:20:41.941,door,2026-09-11T14:20:41.942,2026-09-11T14:20:41.942,,,,,Y,Y,TP,,,,,0.6,0.3,N,,,,,,,1,,797,1,0,Y,2026-09-11T14:20:41.241,2026-09-11T14:20:41.242,2026-09-11T14:20:43.443,0.5,2.201,,Y,,entered,
25,study2,door,D,M1,2026-09-11T14:22:28.840,0,2026-09-11T14:22:07.960,,,,,,,,,N,N,TN,,,,,,,,,,,,,,0,,154,1,0,Y,2026-09-11T14:22:13.141,2026-09-11T14:22:13.143,2026-09-11T14:22:21.842,1.8,8.699,Y,Y,Y,gone,
26,study2,door,F,M1,2026-09-11T14:22:58.815,0,2026-09-11T14:22:32.991,2026-09-11T14:22:37.643,door,2026-09-11T14:22:37.644,2026-09-11T14:22:37.644,2026-09-11T14:22:57.541,2026-09-11T14:22:57.542,,,Y,Y,TP,,,,,0.4,0.3,Y,,,,,,,2,,249,1,0,Y,2026-09-11T14:22:36.741,2026-09-11T14:22:36.742,2026-09-11T14:22:39.145,0.5,2.403,,Y,,entered,
27,study2,door,F,M1,2026-09-11T14:23:31.091,0,2026-09-11T14:23:04.310,2026-09-11T14:23:08.542,door,2026-09-11T14:23:08.542,2026-09-11T14:23:08.543,2026-09-11T14:23:28.841,2026-09-11T14:23:28.842,,,Y,Y,TP,,,,,0.6,0.3,Y,,,,,,,1,,250,1,0,Y,2026-09-11T14:23:07.541,2026-09-11T14:23:07.542,2026-09-11T14:23:10.044,0.5,2.502,,Y,,entered,
28,study2,door,A,M1,2026-09-11T14:25:04.051,0,2026-09-11T14:23:36.418,2026-09-11T14:23:42.142,door,2026-09-11T14:23:42.143,2026-09-11T14:23:42.143,,,,,Y,Y,TP,,,,,0.6,0.3,N,,,,,,,1,,810,1,0,Y,2026-09-11T14:23:40.741,2026-09-11T14:23:40.742,2026-09-11T14:23:43.644,0.5,2.902,,Y,,entered,
29,study2,door,F,M1,2026-09-11T14:25:33.383,0,2026-09-11T14:25:07.788,2026-09-11T14:25:11.942,door,2026-09-11T14:25:11.942,2026-09-11T14:25:11.942,2026-09-11T14:25:31.542,2026-09-11T14:25:31.542,,,Y,Y,TP,,,,,0.4,0.4,Y,,,,,,,1,,241,1,0,Y,2026-09-11T14:25:11.141,2026-09-11T14:25:11.142,2026-09-11T14:25:13.443,0.5,2.302,,Y,,entered,
30,study2,door,A,M1,2026-09-11T14:26:06.031,0,2026-09-11T14:25:37.275,2026-09-11T14:25:42.944,door,2026-09-11T14:25:42.944,2026-09-11T14:25:42.945,2026-09-11T14:26:04.141,2026-09-11T14:26:04.142,,,Y,Y,TP,,,,,0.6,0.4,Y,,,,,,,1,,271,1,0,Y,2026-09-11T14:25:41.643,2026-09-11T14:25:41.643,2026-09-11T14:25:44.446,0.5,2.802,,Y,,entered,
31,study2,door,F,M1,2026-09-11T14:26:38.293,0,2026-09-11T14:26:11.070,2026-09-11T14:26:15.041,door,2026-09-11T14:26:15.042,2026-09-11T14:26:15.042,2026-09-11T14:26:36.341,2026-09-11T14:26:36.342,,,Y,Y,TP,,,,,0.6,0.3,Y,,,,,,,2,,256,1,0,Y,2026-09-11T14:26:14.241,2026-09-11T14:26:14.242,2026-09-11T14:26:16.543,0.5,2.301,,Y,,entered,
32,study2,door,F,M1,2026-09-11T14:27:11.203,0,2026-09-11T14:26:43.380,2026-09-11T14:26:47.046,door,2026-09-11T14:26:47.047,2026-09-11T14:26:47.047,2026-09-11T14:27:08.741,2026-09-11T14:27:08.742,,,Y,Y,TP,,,,,0.4,0.4,Y,,,,,,,1,,256,1,0,Y,2026-09-11T14:26:46.241,2026-09-11T14:26:46.242,2026-09-11T14:26:48.548,0.5,2.306,,Y,,entered,
33,study2,door,B,M1,2026-09-11T14:27:41.289,0,2026-09-11T14:27:18.010,,,,,,,,,N,N,TN,,,,,,,,,,,,,,0,1115.0,153,1,0,Y,2026-09-11T14:27:23.942,2026-09-11T14:27:23.942,2026-09-11T14:27:26.943,0.5,3.001,N,Y,N,gone,
34,study2,door,B,M1,2026-09-11T14:28:07.739,0,2026-09-11T14:27:48.704,,,,,,,,,N,N,TN,,,,,,,,,,,,,,0,1076.0,153,1,0,Y,2026-09-11T14:27:55.442,2026-09-11T14:27:55.442,2026-09-11T14:28:00.542,0.6,5.1,N,Y,N,gone,
35,study2,door,B,M1,2026-09-11T14:28:31.970,0,2026-09-11T14:28:13.701,,,,,,,,,N,N,TN,,,,,,,,,,,,,,0,1234.0,154,1,0,Y,,,,,,N,N,Y,,
36,study2,door,A,M1,2026-09-11T14:30:02.503,0,2026-09-11T14:28:39.086,2026-09-11T14:28:44.241,door,2026-09-11T14:28:44.242,2026-09-11T14:28:44.242,,,,,Y,Y,TP,,,,,0.7,0.3,N,,,,,,,2,,804,1,0,Y,2026-09-11T14:28:42.942,2026-09-11T14:28:42.942,2026-09-11T14:28:45.744,0.5,2.802,,Y,,entered,
37,study2,door,F,M1,2026-09-11T14:38:06.364,0,2026-09-11T14:37:40.399,,,,,,,,,Y,N,FN,,,,,,,,,,,,,,1,,300,1,0,Y,2026-09-11T14:37:44.744,2026-09-11T14:37:44.745,2026-09-11T14:37:48.546,0.5,3.801,,Y,,gone,
38,study2,door,A,M1,2026-09-11T14:38:46.333,0,2026-09-11T14:38:18.265,2026-09-11T14:38:23.946,door,2026-09-11T14:38:23.946,2026-09-11T14:38:23.947,2026-09-11T14:38:44.546,2026-09-11T14:38:44.546,,,Y,Y,TP,,,,,0.6,0.4,Y,,,,,,,1,,266,1,0,Y,2026-09-11T14:38:22.345,2026-09-11T14:38:22.346,2026-09-11T14:38:25.448,0.5,3.102,,Y,,entered,
39,study2,door,A,M1,2026-09-11T14:39:20.241,0,2026-09-11T14:38:51.041,2026-09-11T14:38:56.746,door,2026-09-11T14:38:56.747,2026-09-11T14:38:56.747,2026-09-11T14:39:17.346,2026-09-11T14:39:17.347,,,Y,Y,TP,,,,,0.6,0.3,Y,,,,,,,1,,266,1,0,Y,2026-09-11T14:38:55.646,2026-09-11T14:38:55.646,2026-09-11T14:38:58.248,0.5,2.602,,Y,,entered,
40,study2,door,B,M1,2026-09-11T14:39:55.566,0,2026-09-11T14:39:29.342,,,,,,,,,N,N,TN,,,,,,,,,,,,,,0,998.0,153,1,0,Y,2026-09-11T14:39:35.547,2026-09-11T14:39:35.547,2026-09-11T14:39:40.150,0.5,4.603,N,Y,N,gone,
41,study2,door,F,M1,2026-09-11T14:41:21.948,0,2026-09-11T14:40:00.154,2026-09-11T14:40:04.548,door,2026-09-11T14:40:04.548,2026-09-11T14:40:04.549,,,,,Y,Y,TP,,,,,0.6,0.4,N,,,,,,,1,,797,1,0,Y,2026-09-11T14:40:03.347,2026-09-11T14:40:03.348,2026-09-11T14:40:06.050,0.5,2.702,,Y,,entered,
42,study2,door,F,M1,2026-09-11T14:41:54.449,0,2026-09-11T14:41:25.631,2026-09-11T14:41:30.150,door,2026-09-11T14:41:30.150,2026-09-11T14:41:30.151,2026-09-11T14:41:52.150,2026-09-11T14:41:52.151,,,Y,Y,TP,,,,,0.5,0.3,Y,,,,,,,1,,268,1,0,Y,2026-09-11T14:41:29.149,2026-09-11T14:41:29.149,2026-09-11T14:41:31.651,0.5,2.502,,Y,,entered,
43,study2,door,D,M1,2026-09-11T14:42:20.820,0,2026-09-11T14:42:00.276,,,,,,,,,N,N,TN,,,,,,,,,,,,,,0,,153,1,0,Y,2026-09-11T14:42:04.950,2026-09-11T14:42:04.950,2026-09-11T14:42:13.151,0.6,8.2,Y,Y,Y,gone,
44,study2,door,D,M1,2026-09-11T14:42:46.665,0,2026-09-11T14:42:24.567,,,,,,,,,N,N,TN,,,,,,,,,,,,,,0,,154,1,0,Y,2026-09-11T14:42:30.053,2026-09-11T14:42:30.053,2026-09-11T14:42:39.651,0.5,9.598,Y,Y,Y,gone,
45,study2,door,A,M1,2026-09-11T14:43:18.813,0,2026-09-11T14:42:50.589,2026-09-11T14:42:56.851,door,2026-09-11T14:42:56.852,2026-09-11T14:42:56.852,2026-09-11T14:43:15.751,2026-09-11T14:43:15.752,,,Y,Y,TP,,,,,0.6,0.3,Y,,,,,,,2,,255,1,0,Y,2026-09-11T14:42:55.651,2026-09-11T14:42:55.651,2026-09-11T14:42:58.353,0.5,2.702,,Y,,entered,
46,study2,door,F,M1,2026-09-11T14:44:58.904,0,2026-09-11T14:43:23.095,2026-09-11T14:43:27.652,door,2026-09-11T14:43:27.652,2026-09-11T14:43:27.653,,,,,Y,Y,TP,,,,,0.6,0.3,N,,,,,,,1,,797,1,0,Y,2026-09-11T14:43:27.251,2026-09-11T14:43:27.252,2026-09-11T14:43:29.153,0.5,1.901,,Y,,entered,
47,study2,door,A,M1,2026-09-11T14:45:32.586,0,2026-09-11T14:45:03.682,2026-09-11T14:45:08.953,door,2026-09-11T14:45:08.953,2026-09-11T14:45:08.954,2026-09-11T14:45:31.156,2026-09-11T14:45:31.157,,,Y,Y,TP,,,,,0.6,0.4,Y,,,,,,,1,,279,1,0,Y,2026-09-11T14:45:07.553,2026-09-11T14:45:07.553,2026-09-11T14:45:10.455,0.5,2.901,,Y,,entered,
48,study2,door,B,M1,2026-09-11T14:45:56.187,0,2026-09-11T14:45:38.250,,,,,,,,,N,N,TN,,,,,,,,,,,,,,0,1134.0,153,1,0,Y,,,,,,N,N,Y,,
49,study2,door,B,M1,2026-09-11T14:46:22.439,0,2026-09-11T14:46:02.162,,,,,,,,,N,N,TN,,,,,,,,,,,,,,0,1220.0,153,1,0,Y,,,,,,N,N,Y,,
50,study2,door,A,M1,2026-09-11T14:46:54.261,0,2026-09-11T14:46:26.433,2026-09-11T14:46:32.054,door,2026-09-11T14:46:32.055,2026-09-11T14:46:32.055,2026-09-11T14:46:52.754,2026-09-11T14:46:52.755,,,Y,Y,TP,,,,,0.4,0.3,Y,,,,,,,1,,266,1,0,Y,2026-09-11T14:46:30.454,2026-09-11T14:46:30.454,2026-09-11T14:46:34.355,0.5,3.901,,Y,,gone,
51,study2,door,D,M1,2026-09-11T14:47:20.480,0,2026-09-11T14:47:00.305,,,,,,,,,N,N,TN,,,,,,,,,,,,,,0,,153,1,0,Y,2026-09-11T14:47:04.954,2026-09-11T14:47:04.954,2026-09-11T14:47:13.355,0.5,8.4,Y,Y,Y,gone,
52,study2,door,D,M1,2026-09-11T14:47:47.228,0,2026-09-11T14:47:27.045,,,,,,,,,N,N,TN,,,,,,,,,,,,,,0,,155,1,0,Y,2026-09-11T14:47:32.854,2026-09-11T14:47:32.855,2026-09-11T14:47:42.156,0.5,9.301,Y,Y,Y,gone,
53,study2,door,A,M1,2026-09-11T14:49:11.465,0,2026-09-11T14:47:51.758,2026-09-11T14:47:57.055,door,2026-09-11T14:47:57.056,2026-09-11T14:47:57.056,2026-09-11T14:49:03.455,2026-09-11T14:49:03.456,,,Y,Y,TP,,,,,0.5,0.4,Y,,,,,,,1,,720,1,0,Y,2026-09-11T14:47:55.655,2026-09-11T14:47:55.655,2026-09-11T14:47:58.557,0.5,2.902,,Y,,entered,
54,study2,door,D,M1,2026-09-11T14:49:37.902,0,2026-09-11T14:49:15.502,,,,,,,,,N,N,TN,,,,,,,,,,,,,,0,,156,1,0,Y,2026-09-11T14:49:21.356,2026-09-11T14:49:21.356,2026-09-11T14:49:30.858,0.5,9.502,Y,Y,Y,gone,
55,study2,door,D,M1,2026-09-11T14:50:04.554,0,2026-09-11T14:49:42.400,,,,,,,,,N,N,TN,,,,,,,,,,,,,,0,,165,1,0,Y,2026-09-11T14:49:47.256,2026-09-11T14:49:47.257,2026-09-11T14:49:58.657,0.5,11.4,Y,Y,Y,gone,
56,study2,door,A,M1,2026-09-11T14:50:37.288,0,2026-09-11T14:50:09.755,2026-09-11T14:50:15.456,door,2026-09-11T14:50:15.457,2026-09-11T14:50:15.457,2026-09-11T14:50:35.556,2026-09-11T14:50:35.557,,,Y,Y,TP,,,,,0.6,0.3,Y,,,,,,,1,,261,1,0,Y,2026-09-11T14:50:14.256,2026-09-11T14:50:14.257,2026-09-11T14:50:16.958,0.5,2.701,,Y,,entered,
57,study2,door,D,M1,2026-09-11T14:51:01.904,0,2026-09-11T14:50:42.050,,,,,,,,,N,N,TN,,,,,,,,,,,,,,0,,154,1,0,Y,2026-09-11T14:50:47.556,2026-09-11T14:50:47.557,2026-09-11T14:50:56.158,0.5,8.601,Y,Y,Y,gone,
58,study2,door,A,M1,2026-09-11T14:51:35.568,0,2026-09-11T14:51:06.161,2026-09-11T14:51:12.460,door,2026-09-11T14:51:12.461,2026-09-11T14:51:12.461,2026-09-11T14:51:33.057,2026-09-11T14:51:33.057,,,Y,Y,TP,,,,,0.5,0.3,Y,,,,,,,1,,272,1,0,Y,2026-09-11T14:51:10.957,2026-09-11T14:51:10.957,2026-09-11T14:51:13.962,0.5,3.005,,Y,,entered,
59,study2,door,D,M1,2026-09-11T14:52:02.984,0,2026-09-11T14:51:40.292,,,,,,,,,N,N,TN,,,,,,,,,,,,,,0,,154,1,0,Y,2026-09-11T14:51:45.157,2026-09-11T14:51:45.158,2026-09-11T14:51:53.058,0.5,7.901,Y,Y,Y,gone,
60,study2,door,A,M1,2026-09-11T14:52:37.732,0,2026-09-11T14:52:09.544,2026-09-11T14:52:15.557,door,2026-09-11T14:52:15.558,2026-09-11T14:52:15.558,2026-09-11T14:52:36.457,2026-09-11T14:52:36.458,,,Y,Y,TP,,,,,0.6,0.4,Y,,,,,,,1,,272,1,0,Y,2026-09-11T14:52:14.557,2026-09-11T14:52:14.558,2026-09-11T14:52:17.059,0.5,2.502,,Y,,entered,
61,study2,door,D,M1,2026-09-11T14:53:06.104,0,2026-09-11T14:52:41.830,,,,,,,,,N,N,TN,,,,,,,,,,,,,,0,,153,1,0,Y,2026-09-11T14:52:47.158,2026-09-11T14:52:47.158,2026-09-11T14:52:56.059,0.5,8.9,Y,Y,Y,gone,
62,study2,door,B,M1,2026-09-11T14:53:28.817,0,2026-09-11T14:53:10.888,,,,,,,,,N,N,TN,,,,,,,,,,,,,,0,1038.9,153,1,0,Y,2026-09-11T14:53:18.458,2026-09-11T14:53:18.459,2026-09-11T14:53:24.159,0.5,5.7,N,Y,N,gone,
63,study2,door,A,M1,2026-09-11T14:54:02.899,0,2026-09-11T14:53:34.552,2026-09-11T14:53:40.458,door,2026-09-11T14:53:40.459,2026-09-11T14:53:40.459,2026-09-11T14:54:01.058,2026-09-11T14:54:01.059,,,Y,Y,TP,,,,,0.6,0.3,Y,,,,,,,1,,268,1,0,Y,2026-09-11T14:53:38.858,2026-09-11T14:53:38.859,2026-09-11T14:53:41.960,0.5,3.101,,Y,,entered,
64,study2,door,D,M1,2026-09-11T14:54:30.036,0,2026-09-11T14:54:08.147,,,,,,,,,N,N,TN,,,,,,,,,,,,,,0,,153,1,0,Y,2026-09-11T14:54:13.058,2026-09-11T14:54:13.059,2026-09-11T14:54:21.059,0.5,8.0,Y,Y,Y,gone,
65,study2,door,D,M1,2026-09-11T14:55:10.476,0,2026-09-11T14:54:35.364,,,,,,,,,N,N,TN,,,,,,,,,,,,,,0,,152,1,0,Y,2026-09-11T14:54:40.059,2026-09-11T14:54:40.059,2026-09-11T14:54:48.959,0.5,8.9,Y,Y,Y,gone,
66,study2,door,B,M1,2026-09-11T14:55:33.783,0,2026-09-11T14:55:16.580,,,,,,,,,N,N,TN,,,,,,,,,,,,,,0,1045.0,153,1,0,Y,2026-09-11T14:55:24.759,2026-09-11T14:55:24.760,2026-09-11T14:55:30.060,0.5,5.3,N,Y,N,gone,
67,study2,door,A,M1,2026-09-11T14:56:09.558,0,2026-09-11T14:55:38.662,2026-09-11T14:55:44.759,door,2026-09-11T14:55:44.760,2026-09-11T14:55:44.760,2026-09-11T14:56:07.259,2026-09-11T14:56:07.260,,,Y,Y,TP,,,,,0.6,0.3,Y,,,,,,,1,,289,1,0,Y,2026-09-11T14:55:43.259,2026-09-11T14:55:43.259,2026-09-11T14:55:46.261,0.5,3.002,,Y,,entered,
68,study2,door,B,M1,2026-09-11T14:56:34.183,0,2026-09-11T14:56:13.468,,,,,,,,,N,N,TN,,,,,,,,,,,,,,0,1103.0,153,1,0,Y,2026-09-11T14:56:20.860,2026-09-11T14:56:20.860,2026-09-11T14:56:25.160,0.5,4.3,N,Y,N,gone,
69,study2,door,B,M1,2026-09-11T14:56:58.636,0,2026-09-11T14:56:40.387,,,,,,,,,N,N,TN,,,,,,,,,,,,,,0,1059.0,156,1,0,Y,2026-09-11T14:56:45.560,2026-09-11T14:56:45.560,2026-09-11T14:56:52.061,0.5,6.5,N,Y,N,gone,
70,study2,door,B,M1,2026-09-11T14:57:19.334,0,2026-09-11T14:57:02.481,,,,,,,,,N,N,TN,,,,,,,,,,,,,,0,1210.0,153,1,0,Y,,,,,,N,N,Y,,
71,study2,door,F,M1,2026-09-11T14:57:53.516,0,2026-09-11T14:57:23.576,2026-09-11T14:57:28.060,door,2026-09-11T14:57:28.061,2026-09-11T14:57:28.061,2026-09-11T14:57:50.262,2026-09-11T14:57:50.263,,,Y,Y,TP,,,,,0.4,0.3,Y,,,,,,,1,,270,1,0,Y,2026-09-11T14:57:27.060,2026-09-11T14:57:27.060,2026-09-11T14:57:29.562,0.5,2.502,,Y,,entered,
72,study2,door,A,M1,2026-09-11T14:58:28.872,0,2026-09-11T14:57:58.512,2026-09-11T14:58:04.460,door,2026-09-11T14:58:04.461,2026-09-11T14:58:04.461,2026-09-11T14:58:25.660,2026-09-11T14:58:25.661,,,Y,Y,TP,,,,,0.6,0.4,Y,,,,,,,1,,276,1,0,Y,2026-09-11T14:58:03.860,2026-09-11T14:58:03.861,2026-09-11T14:58:05.962,0.5,2.101,,Y,,entered,
73,study2,door,A,M1,2026-09-11T14:59:03.624,0,2026-09-11T14:58:33.886,2026-09-11T14:58:39.761,door,2026-09-11T14:58:39.762,2026-09-11T14:58:39.762,2026-09-11T14:59:01.761,2026-09-11T14:59:01.761,,,Y,Y,TP,,,,,0.6,0.4,Y,,,,,,,1,,282,1,0,Y,2026-09-11T14:58:38.161,2026-09-11T14:58:38.161,2026-09-11T14:58:41.263,0.5,3.102,,Y,,entered,
74,study2,door,F,M1,2026-09-11T15:02:32.790,0,2026-09-11T14:59:08.809,2026-09-11T14:59:13.261,door,2026-09-11T14:59:13.262,2026-09-11T14:59:13.262,,,,,Y,Y,TP,,,,,0.6,0.4,N,,,,,,,1,,798,1,0,Y,2026-09-11T14:59:13.061,2026-09-11T14:59:13.061,2026-09-11T14:59:14.763,0.5,1.702,,Y,,entered,
75,study2,door,F,M1,2026-09-11T15:03:07.762,0,2026-09-11T15:02:40.362,2026-09-11T15:02:44.863,door,2026-09-11T15:02:44.863,2026-09-11T15:02:44.863,2026-09-11T15:03:05.963,2026-09-11T15:03:05.964,,,Y,Y,TP,,,,,0.4,0.3,Y,,,,,,,1,,259,1,0,Y,2026-09-11T15:02:43.962,2026-09-11T15:02:43.962,2026-09-11T15:02:46.365,0.5,2.402,,Y,,entered,
76,study2,door,D,M1,2026-09-11T15:03:32.173,0,2026-09-11T15:03:12.065,,,,,,,,,N,N,TN,,,,,,,,,,,,,,0,,153,1,0,Y,2026-09-11T15:03:17.562,2026-09-11T15:03:17.563,2026-09-11T15:03:25.763,0.5,8.2,Y,Y,Y,gone,
77,study2,door,F,M1,2026-09-11T15:04:07.612,0,2026-09-11T15:03:36.847,2026-09-11T15:03:41.263,door,2026-09-11T15:03:41.264,2026-09-11T15:03:41.264,2026-09-11T15:04:02.162,2026-09-11T15:04:02.163,,,Y,Y,TP,,,,,0.4,0.4,Y,,,,,,,1,,256,1,0,Y,2026-09-11T15:03:40.762,2026-09-11T15:03:40.763,2026-09-11T15:03:42.765,0.5,2.002,,Y,,entered,
78,study2,door,B,M1,2026-09-11T15:04:32.658,0,2026-09-11T15:04:14.290,,,,,,,,,N,N,TN,,,,,,,,,,,,,,0,1193.0,153,1,0,Y,,,,,,N,N,Y,,
79,study2,door,B,M1,2026-09-11T15:04:55.485,0,2026-09-11T15:04:37.147,,,,,,,,,N,N,TN,,,,,,,,,,,,,,0,1174.0,154,1,0,Y,,,,,,N,N,Y,,
80,study2,door,D,M1,2026-09-11T15:05:23.788,0,2026-09-11T15:04:59.619,,,,,,,,,N,N,TN,,,,,,,,,,,,,,0,,155,1,0,Y,2026-09-11T15:05:05.263,2026-09-11T15:05:05.263,2026-09-11T15:05:14.564,0.5,9.3,Y,Y,Y,gone,
81,study2,door,F,M1,2026-09-11T15:05:55.255,0,2026-09-11T15:05:28.102,2026-09-11T15:05:32.364,near-door,2026-09-11T15:05:32.364,2026-09-11T15:05:32.364,2026-09-11T15:05:53.163,2026-09-11T15:05:53.164,,,Y,Y,TP,,,,,0.4,0.3,Y,,,,,,,1,,253,1,0,Y,2026-09-11T15:05:31.564,2026-09-11T15:05:31.564,2026-09-11T15:05:34.664,0.5,3.1,,Y,,gone,
82,study2,door,A,M1,2026-09-11T15:06:28.123,0,2026-09-11T15:05:59.692,2026-09-11T15:06:05.263,door,2026-09-11T15:06:05.264,2026-09-11T15:06:05.265,2026-09-11T15:06:26.163,2026-09-11T15:06:26.164,,,Y,Y,TP,,,,,0.7,0.3,Y,,,,,,,1,,267,1,0,Y,2026-09-11T15:06:03.765,2026-09-11T15:06:03.765,2026-09-11T15:06:06.766,0.5,3.0,,Y,,entered,
83,study2,door,F,M1,2026-09-11T15:07:02.144,0,2026-09-11T15:06:33.600,2026-09-11T15:06:37.664,door,2026-09-11T15:06:37.665,2026-09-11T15:06:37.665,2026-09-11T15:07:00.163,2026-09-11T15:07:00.164,,,Y,Y,TP,,,,,0.4,0.3,Y,,,,,,,1,,269,1,0,Y,2026-09-11T15:06:36.764,2026-09-11T15:06:36.764,2026-09-11T15:06:39.166,0.5,2.402,,Y,,entered,
84,study2,door,F,M1,2026-09-11T15:07:32.884,0,2026-09-11T15:07:05.737,2026-09-11T15:07:09.764,door,2026-09-11T15:07:09.764,2026-09-11T15:07:09.765,2026-09-11T15:07:31.064,2026-09-11T15:07:31.064,,,Y,Y,TP,,,,,0.4,0.3,Y,,,,,,,1,,256,1,0,Y,2026-09-11T15:07:09.064,2026-09-11T15:07:09.064,2026-09-11T15:07:11.266,0.5,2.202,,Y,,entered,
85,study2,door,A,M1,2026-09-11T15:08:07.368,0,2026-09-11T15:07:36.721,2026-09-11T15:07:42.764,door,2026-09-11T15:07:42.765,2026-09-11T15:07:42.765,2026-09-11T15:08:05.364,2026-09-11T15:08:05.364,,,Y,Y,TP,,,,,0.6,0.3,Y,,,,,,,1,,290,1,0,Y,2026-09-11T15:07:41.764,2026-09-11T15:07:41.764,2026-09-11T15:07:44.266,0.5,2.502,,Y,,entered,
86,study2,door,B,M1,2026-09-11T15:08:32.400,0,2026-09-11T15:08:12.357,,,,,,,,,N,N,TN,,,,,,,,,,,,,,0,1010.3,154,1,0,Y,,,,,,N,N,Y,,
87,study2,door,A,M1,2026-09-11T15:09:09.282,0,2026-09-11T15:08:36.475,2026-09-11T15:08:43.564,door,2026-09-11T15:08:43.565,2026-09-11T15:08:43.565,2026-09-11T15:09:04.764,2026-09-11T15:09:04.765,,,Y,Y,TP,,,,,0.6,0.3,Y,,,,,,,1,,286,1,0,Y,2026-09-11T15:08:42.164,2026-09-11T15:08:42.165,2026-09-11T15:08:45.066,0.5,2.902,,Y,,entered,
88,study2,door,A,M1,2026-09-11T15:09:42.767,0,2026-09-11T15:09:13.111,2026-09-11T15:09:19.564,door,2026-09-11T15:09:19.565,2026-09-11T15:09:19.566,2026-09-11T15:09:41.364,2026-09-11T15:09:41.365,,,Y,Y,TP,,,,,0.6,0.4,Y,,,,,,,1,,285,1,0,Y,2026-09-11T15:09:18.264,2026-09-11T15:09:18.265,2026-09-11T15:09:21.067,0.5,2.802,,Y,,entered,
89,study2,door,B,M1,2026-09-11T15:10:04.064,0,2026-09-11T15:09:46.735,,,,,,,,,N,N,TN,,,,,,,,,,,,,,0,1042.0,154,1,0,Y,2026-09-11T15:09:52.965,2026-09-11T15:09:52.965,2026-09-11T15:09:56.967,0.5,4.002,N,Y,N,gone,
90,study2,door,F,M1,2026-09-11T15:10:37.103,0,2026-09-11T15:10:09.279,2026-09-11T15:10:13.665,door,2026-09-11T15:10:13.665,2026-09-11T15:10:13.666,2026-09-11T15:10:34.764,2026-09-11T15:10:34.765,,,Y,Y,TP,,,,,0.6,0.4,Y,,,,,,,1,,258,1,0,Y,2026-09-11T15:10:12.666,2026-09-11T15:10:12.667,2026-09-11T15:10:15.167,0.5,2.5,,Y,,entered,
91,study2,door,A,M1,2026-09-11T15:11:10.944,0,2026-09-11T15:10:41.103,2026-09-11T15:10:47.465,door,2026-09-11T15:10:47.465,2026-09-11T15:10:47.465,2026-09-11T15:11:09.364,2026-09-11T15:11:09.365,,,Y,Y,TP,,,,,0.4,0.4,Y,,,,,,,1,,285,1,0,Y,2026-09-11T15:10:45.964,2026-09-11T15:10:45.965,2026-09-11T15:10:48.966,0.5,3.002,,Y,,entered,
92,study2,door,A,M1,2026-09-11T15:11:45.385,0,2026-09-11T15:11:15.773,2026-09-11T15:11:21.364,door,2026-09-11T15:11:21.365,2026-09-11T15:11:21.365,2026-09-11T15:11:43.864,2026-09-11T15:11:43.864,,,Y,Y,TP,,,,,0.6,0.3,Y,,,,,,,1,,285,1,0,Y,2026-09-11T15:11:20.164,2026-09-11T15:11:20.164,2026-09-11T15:11:22.866,0.5,2.702,,Y,,entered,
93,study2,door,B,M1,2026-09-11T15:12:10.148,0,2026-09-11T15:11:51.889,,,,,,,,,N,N,TN,,,,,,,,,,,,,,0,1233.0,153,1,0,Y,,,,,,N,N,Y,,
